name,scores
Arugam Bay Beach,"[0.9995085000991821, 0.999687910079956, 0.9966632723808289, 0.9996616840362549, 0.21690012514591217]"
Mirissa Beach,[0.9995321035385132]
Weligama Beach (surf and stay),[0.9995954632759094]
Ahangama,"[0.014235621318221092, 0.9853276014328003, 0.010223659686744213, 0.0015313513576984406, 0.0026358875911682844]"
Hikkaduwa Beach,[0.9995220899581909]
Tangalle,"[0.003111751051619649, 0.008192620240151882, 0.0017958242679014802, 0.004141537006944418, 0.04775950312614441]"
Unawatuna Beach,"[0.9996886253356934, 0.9993765950202942, 0.998313307762146, 0.9986332058906555, 0.9986515641212463]"
Pigeon Island,"[0.9992908239364624, 0.9997337460517883]"
Galle Dutch Fort,[0.9997376799583435]
Polonnaruwa Ancient City,"[0.9992338418960571, 0.9994606375694275, 0.9997425675392151, 0.9962968230247498, 0.9998300075531006]"
Sigiriya,"[0.9984580278396606, 0.9996927976608276]"
Yala National Park,[0.999325156211853]
Udawalawe National Park,"[0.9997187256813049, 0.9995402097702026, 0.9982125759124756, 0.999669075012207, 0.9998204112052917]"
Wilpattu National Park,"[0.9998006224632263, 0.9996271133422852, 0.9993174076080322]"
Wasgamuwa National Park,"[0.9998064637184143, 0.9998100399971008, 0.999556839466095, 0.9998119473457336, 0.991115927696228]"
Minneriya National Park,"[0.999574601650238, 0.9994581341743469]"
Sinharaja Forest Reserve,"[0.9995218515396118, 0.9998376369476318, 0.9996201992034912]"
Horton Plains National Park,[0.999751627445221]
Kumana National Park,[0.9994786381721497]
Bundala National Park,[0.9994558691978455]
Anawilundawa Wetland,"[0.00028900845791213214, 0.0022510974667966366, 0.05686062574386597, 0.12620849907398224, 0.27122053503990173]"
Sri Dalada Maligawa,[0.9992057681083679]
Dambulla Royal Cave Temple and Golden Temple,"[0.9997840523719788, 0.9996961355209351, 0.9995949864387512, 0.9996050000190735, 0.9997504353523254]"
Anuradhapura,[0.004640237893909216]
Mihintale,[0.9997690320014954]
Arankale Buddhist Monastery,"[0.9997801184654236, 0.9997904896736145, 0.9997959733009338, 0.9984978437423706, 0.9842553734779358]"
Ella Rock Trailhead,"[0.9998713731765747, 0.9989162683486938, 0.9998067021369934, 0.9993953704833984, 0.9997105002403259]"
Yapahuwa Rock Fortress,[0.9994112253189087]
Knuckles,[0.9997686743736267]
Surathali Ella,[0.9996181726455688]
Sri Pada / Adam's Peak,"[0.9998087286949158, 0.9989929795265198, 0.9929220080375671, 0.9998210072517395, 0.9931225180625916]"
Ventura Beach,"[0.9997269511222839, 0.9998356103897095, 0.999398946762085, 0.9998175501823425, 0.9996114373207092]"
Tangalle Beach,"[0.9997231364250183, 0.9997774958610535, 0.9995107650756836, 0.9994438290596008, 0.9986326098442078]"
Jungle Beach,"[0.9998144507408142, 0.9980137348175049, 0.999061644077301, 0.9997363686561584, 0.9991313815116882]"
Uppuveli,"[0.021079108119010925, 0.004855873063206673, 0.0029373064171522856, 0.010946989059448242]"
Koggala,[0.005230838432908058]
Hiriketiya Beach,"[0.9996604919433594, 0.9988239407539368, 0.9994091987609863, 0.9911977648735046, 0.9986124038696289]"
Marakolliya,"[0.010653405450284481, 0.002697547199204564]"
Colombo National Museum,"[0.9997004270553589, 0.999734103679657, 0.9997630715370178, 0.9994562268257141, 0.9998339414596558]"
Dhanaja Gem Museum,"[0.9982755184173584, 0.999778687953949, 0.9996510744094849, 0.9998422861099243, 0.9994086027145386]"
Dutch Museum,"[0.9995710253715515, 0.9998797178268433, 0.9997631907463074, 0.9997765421867371, 0.9822654724121094]"
National Museum Galle,[0.9995265007019043]
Kandy National Museum,[0.9995251893997192]
Maritime Museum,"[0.9997432827949524, 0.028223589062690735, 0.9984398484230042, 0.9996449947357178, 0.9994077682495117]"
Trincomalee Harbour,[0.9996888637542725]
Negombo Lagoon,[0.9992308616638184]
Mirissa,"[0.026634352281689644, 0.0016894693253561854]"
Port City Colombo,"[0.0021765418350696564, 0.0008658217848278582, 0.000283738860161975, 0.000725793419405818, 0.14283981919288635]"
Galle Lighthouse,[0.9983273148536682]
Pidurangala Rock,"[0.9997488856315613, 0.999523401260376, 0.9997848868370056, 0.9997509121894836, 0.991019070148468]"
Pitawala Nature Trail,"[0.005302530713379383, 0.0005507929599843919, 0.001581829972565174, 0.000282176595646888]"
Kitulgala,[0.0037052540574222803]
Coral Sanctuary Boat Ticket Issue Center,[0.999373733997345]
Jaffna Public Library,"[0.9998596906661987, 0.9989256262779236, 0.9996432065963745, 0.9997887015342712, 0.9639065861701965]"
Gangaramaya Temple,[0.9988572597503662]
National Gallery of Art,[0.9993681311607361]
Nelung Arts Centre,"[0.9998788833618164, 0.9997844099998474, 0.999237060546875, 0.9998304843902588, 0.9991450309753418]"
Nelum Pokuna Theatre,"[0.9996800422668457, 0.9998444318771362, 0.9957475066184998, 0.9998070597648621, 0.4099379777908325]"
Lionel Wendt Art Centre,[0.9994563460350037]
Kalpitiya,[0.007479098159819841]
Negombo,[0.003085500095039606]
Trincomalee,[0.0022257650271058083]
Dambulla,"[0.034511979669332504, 0.11091934889554977, 0.004669869784265757, 0.004529758356511593, 0.0013881688937544823]"
Kandalama,[0.007727625779807568]
Nuwara Eliya Golf Club,"[0.9997363686561584, 0.9997759461402893, 0.8913490176200867, 0.9998231530189514, 0.9998775720596313]"
Royal Colombo Golf Club,[0.9991642236709595]
Cinnamon Bentota Beach,[0.9994810223579407]
Swastha Ayurveda,[0.9991587400436401]
Meemure,"[0.0011652202811092138, 0.0036848303861916065, 0.01149908360093832, 0.002987863263115287, 0.0214020274579525]"
Belihuloya,"[0.008137738332152367, 0.0007318491698242724, 0.00027116393903270364, 0.004944890271872282, 0.0005247629014775157]"
Makandawa Conservation Center (Makandawa Forest),"[0.9996565580368042, 0.9998044371604919, 0.9995427131652832, 0.9990468621253967, 0.9974967837333679]"
Bentota Ganga,"[0.9992349147796631, 0.9998229146003723, 0.9985889792442322, 0.9998410940170288, 0.9850762486457825]"
Madu Ganga,"[0.9998464584350586, 0.9735085368156433, 0.9997401833534241, 0.9973354935646057, 0.9997760653495789]"
Bolgoda Lake,"[0.9998086094856262, 0.9994063377380371, 0.9998834133148193, 0.018839232623577118, 0.9985474944114685]"
Kalpitiya Lagoon,[0.9993157386779785]
Ahungalla,"[0.001159151317551732, 0.0011708991369232535, 0.005107072181999683, 0.0057536531239748, 0.005280196666717529]"
Hikkaduwa,"[0.0020894024055451155, 0.0018774039344862103, 0.006514862645417452, 0.013298303820192814, 0.03617477789521217]"
Nuwara Eliya,[0.00798834953457117]
Haputale,"[0.0009890645742416382, 0.008437084965407848, 0.0010351293021813035, 0.3973984718322754, 0.002894619246944785]"
Nine Arches Bridge,[0.013296213932335377]
Galle,"[0.011545408517122269, 0.030980782583355904, 0.05561090260744095, 0.007115277927368879, 0.0029277100693434477]"
Ritigala Strict Natural Reserve,[0.9995831847190857]
Belilena Cave,"[0.9995957016944885, 0.9997486472129822, 0.9975529313087463, 0.9998074173927307, 0.998683750629425]"
Batadombalena,[0.9991635084152222]
Limestone Caves|ÃƒÂ Ã‚Â®Ã‚ÂšÃƒÂ Ã‚Â¯Ã‚ÂÃƒÂ Ã‚Â®Ã‚Â£ÃƒÂ Ã‚Â¯Ã‚ÂÃƒÂ Ã‚Â®Ã‚Â£ÃƒÂ Ã‚Â®Ã‚Â¾ÃƒÂ Ã‚Â®Ã‚Â®ÃƒÂ Ã‚Â¯Ã‚ÂÃƒÂ Ã‚Â®Ã‚ÂªÃƒÂ Ã‚Â¯Ã‚Â ÃƒÂ Ã‚Â®Ã‚Â•ÃƒÂ Ã‚Â¯Ã‚ÂÃƒÂ Ã‚Â®Ã‚Â•ÃƒÂ Ã‚Â¯Ã‚Âˆ ÃƒÂ Ã‚Â®Ã‚ÂµÃƒÂ Ã‚Â®Ã‚Â³ÃƒÂ Ã‚Â®Ã‚Â¾ÃƒÂ Ã‚Â®Ã‚Â•ÃƒÂ Ã‚Â®Ã‚Â®ÃƒÂ Ã‚Â¯Ã‚Â,"[0.9994833469390869, 0.9997368454933167, 0.9987407326698303, 0.9998438358306885, 0.9995304346084595]"
"Royal Botanic Gardens, Peradeniya","[0.9997933506965637, 0.9998440742492676, 0.9998733997344971, 0.9992102384567261, 0.999607264995575]"
Hakgala Botanical Garden,[0.9994606375694275]
Seethawaka Wet Zone Botanical Gardens,"[0.9997926354408264, 0.9994365572929382, 0.999758780002594, 0.9996719360351562, 0.9997106194496155]"
"Dry Zone Botanic Gardens, Hambantota","[0.9995160102844238, 0.9991626739501953, 0.9972798824310303, 0.998406708240509, 0.9993122816085815]"
Leisure World,"[0.009355064481496811, 0.002134028822183609, 0.003721637884154916, 0.00044293038081377745, 0.028627894818782806]"
Water World Aquarium,[0.9993300437927246]
Pearl Bay,[0.9993939399719238]
Kandy,[0.008267675526440144]
Nallur Kandaswamy Devasthanam,"[0.9998217225074768, 0.999788224697113, 0.9998273253440857, 0.9991728663444519, 0.9991002082824707]"
Kandy Lake,"[0.9998676776885986, 0.9997325539588928, 0.9968293309211731, 0.9997988343238831, 0.9091742634773254]"
Polonnaruwa,[0.004739726427942514]
Colombo City Tour,[0.9997915625572205]
Kandy City Centre,[0.9996838569641113]
Tour With Dash,[0.9996398687362671]
ÃƒÂ„Ã‚Â€riapÃƒÂ„Ã‚Âla Mask Museum,"[0.9998125433921814, 0.99958735704422, 0.9989959597587585, 0.9994288086891174, 0.9996811151504517]"
Viharamahadevi Park,"[0.999828577041626, 0.9998675584793091, 0.9992559552192688, 0.997965931892395, 0.9997674822807312]"
Unawatuna,[0.0044264886528253555]
Kataragama,[0.04865642637014389]
Seetha Eliya,[0.0015228043776005507]
Ambuluwawa Biodiversity Complex,[0.9977253079414368]
Velgam Vehera Buddhist Temple | ÃƒÂ Ã‚Â·Ã‚Â€ÃƒÂ Ã‚Â·Ã‚Â™ÃƒÂ Ã‚Â¶Ã‚Â½ÃƒÂ Ã‚Â·Ã‚ÂŠÃƒÂ Ã‚Â¶Ã‚ÂœÃƒÂ Ã‚Â¶Ã‚Â¸ÃƒÂ Ã‚Â·Ã‚ÂŠ ÃƒÂ Ã‚Â·Ã‚Â€ÃƒÂ Ã‚Â·Ã‚Â™ÃƒÂ Ã‚Â·Ã‚Â„ÃƒÂ Ã‚Â·Ã‚Â™ÃƒÂ Ã‚Â¶Ã‚Â»,"[0.9998579025268555, 0.9994620680809021, 0.998708963394165, 0.998898983001709, 0.9989891648292542]"
Martin Wickramasinghe Folk Museum,"[0.99970942735672, 0.9997267127037048]"
Spa Ceylon Heritage Spa & Boutique II ÃƒÂ¢Ã‚Â€Ã‚Â“ Galle Fort,"[0.9996008276939392, 0.07120048999786377, 0.9996969699859619, 0.9817187190055847, 0.994949221611023]"
Hikka Tranz by Cinnamon,"[0.9998551607131958, 0.9997342228889465, 0.999755322933197, 0.9994457364082336, 0.9997274279594421]"
Colombo,[0.009731451980769634]
Ramboda Falls,"[0.9997807145118713, 0.9997560381889343, 0.9997643828392029, 0.7869071364402771, 0.9997950196266174]"
Bambarakanda Falls,"[0.9993860721588135, 0.9987591505050659, 0.9997569918632507, 0.9993951320648193, 0.9973381161689758]"
Ravan Ella Waterfall,[0.9995337724685669]
Diyaluma Falls,[0.9994208812713623]
Bomburu Ella Waterfall,"[0.9996770620346069, 0.9993854761123657, 0.9870046973228455, 0.5153278708457947, 0.9997921586036682]"
Dunhinda Waterfall,"[0.9996498823165894, 0.9998123049736023, 0.9993970394134521, 0.9993746876716614, 0.9967664480209351]"
St. Clair Falls,[0.9993419051170349]
Devon Falls,"[0.9998158812522888, 0.9991146922111511, 0.9991416931152344, 0.9984673857688904, 0.9996888637542725]"
Laxapana Falls,"[0.9997970461845398, 0.9996917247772217, 0.9995976090431213, 0.9936244487762451, 0.9998520612716675]"
Bakers Falls,"[0.9996929168701172, 0.9991408586502075, 0.9998021721839905, 0.9992864727973938, 0.9976561069488525]"
Bambarakiri Ella,"[0.9998146891593933, 0.9998072981834412, 0.9994785189628601, 0.9997714161872864, 0.9996479749679565]"
Bopath Falls,[0.9994033575057983]
Kanniya Hot Water Springs,"[0.9995232820510864, 0.9998219609260559, 0.9997163414955139, 0.9995177984237671, 0.9992960691452026]"
Maha Oya Hot Water Springs,[0.9994692206382751]
Madunagala Hot Water Spring,"[0.9990835189819336, 0.9997991919517517, 0.974290132522583, 0.021847771480679512, 0.9998217225074768]"
Sri Lanka Planetarium,"[0.9997137188911438, 0.9995645880699158, 0.9995457530021667, 0.9961661100387573, 0.9961904287338257]"
Pinnawala Elephant Orphanage,"[0.04213040694594383, 0.9967896342277527, 0.004546741489320993, 0.9954296350479126, 0.9995594620704651]"
Elephant Transit Home,[0.997488260269165]
Ambalangoda,[0.009976201690733433]
Rekawa Beach,"[0.9997320771217346, 0.9997422099113464, 0.999826967716217, 0.02816549502313137, 0.067074716091156]"
Victor Hasselblad Sea Turtle Research And Conservation Centre,"[0.9995681643486023, 0.9991231560707092, 0.9995711445808411, 0.9997571110725403, 0.9773057103157043]"
Jaya Sri Maha Bodhi,"[0.9989336133003235, 0.9962282180786133, 0.9996672868728638, 0.9996625185012817, 0.9987972974777222]"
Pinnawala,[0.0010149634908884764]
Udawalawa,"[0.0036252730060368776, 0.15352894365787506, 0.0015295037301257253, 0.003959454130381346, 0.03758687525987625]"
Kanneliya National Rain Forest Reserve | ÃƒÂ Ã‚Â¶Ã‚ÂšÃƒÂ Ã‚Â¶Ã‚Â±ÃƒÂ Ã‚Â·Ã‚ÂŠÃƒÂ Ã‚Â¶Ã‚Â±ÃƒÂ Ã‚Â·Ã‚Â™ÃƒÂ Ã‚Â¶Ã‚Â½ÃƒÂ Ã‚Â·Ã‚Â’ÃƒÂ Ã‚Â¶Ã‚Âº ÃƒÂ Ã‚Â¶Ã‚Â¢ÃƒÂ Ã‚Â·Ã‚ÂÃƒÂ Ã‚Â¶Ã‚Â­ÃƒÂ Ã‚Â·Ã‚Â’ÃƒÂ Ã‚Â¶Ã‚Âš ÃƒÂ Ã‚Â·Ã‚Â€ÃƒÂ Ã‚Â·Ã‚ÂÃƒÂ Ã‚Â·Ã‚ÂƒÃƒÂ Ã‚Â·Ã‚Â’ ÃƒÂ Ã‚Â·Ã‚Â€ÃƒÂ Ã‚Â¶Ã‚Â±ÃƒÂ Ã‚Â·Ã‚ÂÃƒÂ Ã‚Â¶Ã‚Â±ÃƒÂ Ã‚Â·Ã‚ÂŠÃƒÂ Ã‚Â¶Ã‚Â­ÃƒÂ Ã‚Â¶Ã‚Â»ÃƒÂ Ã‚Â¶Ã‚Âº,[0.9997609257698059]
Knuckles Forest Reserve,[0.9994823932647705]
Buddhangala Raja Maha Viharaya ÃƒÂ Ã‚Â¶Ã‚Â¶ÃƒÂ Ã‚Â·Ã‚Â”ÃƒÂ Ã‚Â¶Ã‚Â¯ÃƒÂ Ã‚Â·Ã‚ÂŠÃƒÂ Ã‚Â¶Ã‚Â°ÃƒÂ Ã‚Â¶Ã‚Â‚ÃƒÂ Ã‚Â¶Ã‚ÂœÃƒÂ Ã‚Â¶Ã‚Â½ ÃƒÂ Ã‚Â¶Ã‚Â»ÃƒÂ Ã‚Â¶Ã‚Â¢ ÃƒÂ Ã‚Â¶Ã‚Â¸ÃƒÂ Ã‚Â·Ã‚Â„ÃƒÂ Ã‚Â·Ã‚Â ÃƒÂ Ã‚Â·Ã‚Â€ÃƒÂ Ã‚Â·Ã‚Â’ÃƒÂ Ã‚Â·Ã‚Â„ÃƒÂ Ã‚Â·Ã‚ÂÃƒÂ Ã‚Â¶Ã‚Â»ÃƒÂ Ã‚Â¶Ã‚Âº,"[0.9998728036880493, 0.9973445534706116, 0.9997279047966003, 0.9996191263198853, 0.9979798197746277]"
Gal Oya Valley National Park,[0.9992337226867676]
Deegawapi Raja Maha Vihara,[0.9996559619903564]
Elephant Park,"[0.9987910389900208, 0.9969863295555115, 0.8050861954689026, 0.08311253786087036, 0.9775356650352478]"
Sunset-Island,[0.9997112154960632]
Thambiluvil Beach,"[0.9992838501930237, 0.9996657371520996, 0.9965677261352539, 0.9994694590568542, 0.49809566140174866]"
Thandiyadi Lagoon,[0.003485922934487462]
Archaeological Museum Mihintale - ÃƒÂ Ã‚Â¶Ã‚Â¸ÃƒÂ Ã‚Â·Ã‚Â’ÃƒÂ Ã‚Â·Ã‚Â„ÃƒÂ Ã‚Â·Ã‚Â’ÃƒÂ Ã‚Â¶Ã‚Â±ÃƒÂ Ã‚Â·Ã‚ÂŠÃƒÂ Ã‚Â¶Ã‚Â­ÃƒÂ Ã‚Â¶Ã‚Â½ÃƒÂ Ã‚Â·Ã‚Âš ÃƒÂ Ã‚Â¶Ã‚Â´ÃƒÂ Ã‚Â·Ã‚Â”ÃƒÂ Ã‚Â¶Ã‚Â»ÃƒÂ Ã‚Â·Ã‚ÂÃƒÂ Ã‚Â·Ã‚Â€ÃƒÂ Ã‚Â·Ã‚Â’ÃƒÂ Ã‚Â¶Ã‚Â¯ÃƒÂ Ã‚Â·Ã‚ÂŠÃƒÂ¢Ã‚Â€Ã‚ÂÃƒÂ Ã‚Â¶Ã‚ÂºÃƒÂ Ã‚Â·Ã‚Â ÃƒÂ Ã‚Â¶Ã‚ÂšÃƒÂ Ã‚Â·Ã‚ÂžÃƒÂ Ã‚Â¶Ã‚Â­ÃƒÂ Ã‚Â·Ã‚Â”ÃƒÂ Ã‚Â¶Ã‚ÂšÃƒÂ Ã‚Â·Ã‚ÂÃƒÂ Ã‚Â¶Ã‚ÂœÃƒÂ Ã‚Â·Ã‚ÂÃƒÂ Ã‚Â¶Ã‚Â»ÃƒÂ Ã‚Â¶Ã‚Âº,"[0.9998034834861755, 0.9997544884681702, 0.9995939135551453, 0.9997127652168274, 0.998536229133606]"
Samadhi Buddha Statue,"[0.9996989965438843, 0.9998148083686829, 0.9998791217803955, 0.9997827410697937, 0.9997661709785461]"
Tantirimale Rajamaha Viharaya - ÃƒÂ Ã‚Â¶Ã‚Â­ÃƒÂ Ã‚Â¶Ã‚Â±ÃƒÂ Ã‚Â·Ã‚ÂŠÃƒÂ Ã‚Â¶Ã‚Â­ÃƒÂ Ã‚Â·Ã‚Â’ÃƒÂ Ã‚Â¶Ã‚Â»ÃƒÂ Ã‚Â·Ã‚Â’ÃƒÂ Ã‚Â¶Ã‚Â¸ÃƒÂ Ã‚Â¶Ã‚Â½ÃƒÂ Ã‚Â·Ã‚Âš ÃƒÂ Ã‚Â¶Ã‚Â»ÃƒÂ Ã‚Â¶Ã‚Â¢ÃƒÂ Ã‚Â¶Ã‚Â¸ÃƒÂ Ã‚Â·Ã‚Â„ÃƒÂ Ã‚Â·Ã‚Â ÃƒÂ Ã‚Â·Ã‚Â€ÃƒÂ Ã‚Â·Ã‚Â’ÃƒÂ Ã‚Â·Ã‚Â„ÃƒÂ Ã‚Â·Ã‚ÂÃƒÂ Ã‚Â¶Ã‚Â»ÃƒÂ Ã‚Â¶Ã‚Âº,"[0.9998459815979004, 0.9985613226890564, 0.9997246861457825, 0.9896418452262878, 0.99846351146698]"
Ruwanweli Maha Seya,"[0.9995204210281372, 0.9998667240142822, 0.9991150498390198, 0.9994049072265625, 0.9997978806495667]"
Nuwara Wewa View Point,"[0.0014298474416136742, 0.0006666056578978896, 0.019435390830039978, 0.654534637928009, 0.08193749934434891]"
Isurumuniya Temple,"[0.9997283816337585, 0.9998703002929688, 0.9996908903121948, 0.9998095631599426, 0.9998465776443481]"
Thuparamaya,[0.9978122711181641]
Mirisawetiya,[0.9997250437736511]
Muthiyangana Raja Maha Vihara,[0.9964595437049866]
Piduruthalagala Conservation Forest,[0.9994254112243652]
Ravana's Cave,"[0.9994522929191589, 0.999821126461029, 0.9996809959411621, 0.9997398257255554, 0.9995889067649841]"
Auslink Hotel Walapane Sri Lanka,"[0.9987096786499023, 0.999729335308075, 0.0037002325989305973, 0.9972489476203918, 0.011205095797777176]"
Porawagala Viewpoint,"[0.9997989535331726, 0.951372504234314, 0.9995771050453186, 0.9945449829101562, 0.9993891716003418]"
Diyawatanalla Waterfall,"[0.9759780168533325, 0.0003582231292966753, 0.00182642275467515, 0.007125263102352619, 0.6154636740684509]"
Moon Plains,"[0.9993661046028137, 0.999839186668396, 0.9998249411582947, 0.9997281432151794, 0.9975770115852356]"
Upper Diyaluma Waterfall,"[0.9997746348381042, 0.9966719150543213, 0.9891279339790344, 0.9994575381278992, 0.9946558475494385]"
Corbett's Gap ÃƒÂ Ã‚Â¶Ã‚Â…ÃƒÂ Ã‚Â¶Ã‚Â§ÃƒÂ Ã‚Â·Ã‚ÂŠÃƒÂ Ã‚Â¶Ã‚Â§ÃƒÂ Ã‚Â·Ã‚ÂÃƒÂ Ã‚Â¶Ã‚Â½ÃƒÂ Ã‚Â·Ã‚Â€ÃƒÂ Ã‚Â·Ã‚Â™ÃƒÂ Ã‚Â¶Ã‚Â§ÃƒÂ Ã‚Â·Ã‚ÂŠÃƒÂ Ã‚Â¶Ã‚Â§ÃƒÂ Ã‚Â·Ã‚Â”ÃƒÂ Ã‚Â·Ã‚Â€,"[0.9996856451034546, 0.999845027923584, 0.9995439648628235, 0.999852180480957, 0.9994427561759949]"
Dematamal Viharaya| ÃƒÂ Ã‚Â¶Ã‚Â¯ÃƒÂ Ã‚Â·Ã‚Â™ÃƒÂ Ã‚Â¶Ã‚Â¸ÃƒÂ Ã‚Â¶Ã‚Â§ÃƒÂ Ã‚Â¶Ã‚Â¸ÃƒÂ Ã‚Â¶Ã‚Â½ÃƒÂ Ã‚Â·Ã‚ÂŠ ÃƒÂ Ã‚Â·Ã‚Â€ÃƒÂ Ã‚Â·Ã‚Â’ÃƒÂ Ã‚Â·Ã‚Â„ÃƒÂ Ã‚Â·Ã‚ÂÃƒÂ Ã‚Â¶Ã‚Â»ÃƒÂ Ã‚Â¶Ã‚Âº,"[0.9997376799583435, 0.9996272325515747, 0.9995773434638977, 0.9989261031150818, 0.9997637867927551]"
Galabedda Biso Pond ÃƒÂ Ã‚Â¶Ã‚ÂœÃƒÂ Ã‚Â¶Ã‚Â½ÃƒÂ Ã‚Â¶Ã‚Â¶ÃƒÂ Ã‚Â·Ã‚ÂÃƒÂ Ã‚Â¶Ã‚Â¯ÃƒÂ Ã‚Â·Ã‚ÂŠÃƒÂ Ã‚Â¶Ã‚Â¯ ÃƒÂ Ã‚Â¶Ã‚Â¶ÃƒÂ Ã‚Â·Ã‚Â’ÃƒÂ Ã‚Â·Ã‚ÂƒÃƒÂ Ã‚Â·Ã‚Â ÃƒÂ Ã‚Â¶Ã‚Â´ÃƒÂ Ã‚Â·Ã‚ÂœÃƒÂ Ã‚Â¶Ã‚ÂšÃƒÂ Ã‚Â·Ã‚Â”ÃƒÂ Ã‚Â¶Ã‚Â«,[0.9995799660682678]
Duwili Ella Waterfall,"[0.9998373985290527, 0.9997602105140686, 0.9998231530189514, 0.49761486053466797, 0.9998267292976379]"
Bogoda Raja Maha Viharaya,[0.9996721744537354]
Narangala N_____ view point,[0.0008717355667613447]
Batticaloa Dutch Fort,"[0.9998360872268677, 0.9316667318344116, 0.9996954202651978, 0.9996788501739502, 0.9993152618408203]"
Batticaloa Gate | ÃƒÂ Ã‚Â®Ã‚Â®ÃƒÂ Ã‚Â®Ã‚ÂŸÃƒÂ Ã‚Â¯Ã‚ÂÃƒÂ Ã‚Â®Ã‚ÂŸÃƒÂ Ã‚Â®Ã‚Â•ÃƒÂ Ã‚Â¯Ã‚ÂÃƒÂ Ã‚Â®Ã‚Â•ÃƒÂ Ã‚Â®Ã‚Â³ÃƒÂ Ã‚Â®Ã‚ÂªÃƒÂ Ã‚Â¯Ã‚ÂÃƒÂ Ã‚Â®Ã‚ÂªÃƒÂ Ã‚Â¯Ã‚Â ÃƒÂ Ã‚Â®Ã‚ÂµÃƒÂ Ã‚Â®Ã‚Â¾ÃƒÂ Ã‚Â®Ã‚ÂšÃƒÂ Ã‚Â®Ã‚Â²ÃƒÂ Ã‚Â¯Ã‚Â,[0.9996204376220703]
New Kallady Bridge - Batticaloa,[0.9986289739608765]
Batticaloa Lighthouse,[0.9997028708457947]
Archaeology Museum Kotte,"[0.9998294115066528, 0.9996577501296997, 0.9992665648460388, 0.9995540976524353, 0.9997974038124084]"
Kotte Rajamaha Vihara ÃƒÂ Ã‚Â¶Ã‚ÂšÃƒÂ Ã‚Â·Ã‚ÂÃƒÂ Ã‚Â¶Ã‚Â§ÃƒÂ Ã‚Â·Ã‚ÂŠÃƒÂ Ã‚Â¶Ã‚Â§ÃƒÂ Ã‚Â·Ã‚Âš ÃƒÂ Ã‚Â¶Ã‚Â»ÃƒÂ Ã‚Â¶Ã‚Â¢ÃƒÂ Ã‚Â¶Ã‚Â¸ÃƒÂ Ã‚Â·Ã‚Â„ÃƒÂ Ã‚Â·Ã‚Â ÃƒÂ Ã‚Â·Ã‚Â€ÃƒÂ Ã‚Â·Ã‚Â’ÃƒÂ Ã‚Â·Ã‚Â„ÃƒÂ Ã‚Â·Ã‚ÂÃƒÂ Ã‚Â¶Ã‚Â»ÃƒÂ Ã‚Â¶Ã‚Âº,[0.9995400905609131]
Independence Memorial Museum,"[0.99981290102005, 0.9998094439506531, 0.9997237324714661, 0.9974943399429321, 0.9982505440711975]"
Dehiwala Zoological Gardens,"[0.9995431900024414, 0.9995653033256531, 0.9974678754806519, 0.9621010422706604, 0.995653510093689]"
Mayan Water Park,"[0.029815685003995895, 0.06657517701387405, 0.0406501442193985, 0.9981045722961426, 0.0048983353190124035]"
Richmond Castle,[0.9881806373596191]
Diyatha Uyana,[0.9997039437294006]
Kelaniya Raja Maha Viharaya,[0.99952232837677]
Colombo Lotus Tower,"[0.9994755387306213, 0.9990839958190918, 0.9997430443763733, 0.9998490810394287, 0.9996168613433838]"
"Dutch Reformed Church, Matara","[0.9998015761375427, 0.9998480081558228, 0.9989571571350098, 0.9996312856674194, 0.9998007416725159]"
Lunuganga,[0.9997047781944275]
Mahamevnawa Buddhist Monastery- Galle,"[0.9998424053192139, 0.9995453953742981, 0.9997965693473816, 0.9996232986450195, 0.9997913241386414]"
SrÃƒÂ„Ã‚Â« VijayÃƒÂ„Ã‚ÂrÃƒÂ„Ã‚Âma Ancient Temple,"[0.9997878670692444, 0.9992181062698364, 0.9998179078102112, 0.9981451034545898, 0.9995575547218323]"
Rumassala South Beach,"[0.9998594522476196, 0.9998276233673096, 0.9997245669364929, 0.9992918968200684, 0.9992666840553284]"
ParappudÃƒÂ…Ã‚Â«va Island Temple,"[0.999767005443573, 0.9990361928939819, 0.9994254112243652, 0.9998493194580078, 0.9992772936820984]"
Midigama Right,"[0.9997791647911072, 0.999586284160614, 0.9997757077217102, 0.9997832179069519, 0.9835304617881775]"
Mirissa whale Explorers,[0.5569933652877808]
The Shrine of Our Lady of Matara,[0.9994397759437561]
ÃƒÂ Ã‚Â¶Ã‚Â´ÃƒÂ Ã‚Â¶Ã‚Â»ÃƒÂ Ã‚Â·Ã‚Â™ÃƒÂ Ã‚Â·Ã‚Â€ÃƒÂ Ã‚Â·Ã‚Â’ ÃƒÂ Ã‚Â¶Ã‚Â¯ÃƒÂ Ã‚Â·Ã‚Â–ÃƒÂ Ã‚Â·Ã‚Â€ ÃƒÂ Ã‚Â·Ã‚Â€ÃƒÂ Ã‚Â·Ã‚Â’ÃƒÂ Ã‚Â·Ã‚Â„ÃƒÂ Ã‚Â·Ã‚ÂÃƒÂ Ã‚Â¶Ã‚Â»ÃƒÂ Ã‚Â·Ã‚ÂƒÃƒÂ Ã‚Â·Ã‚ÂŠÃƒÂ Ã‚Â¶Ã‚Â®ÃƒÂ Ã‚Â·Ã‚ÂÃƒÂ Ã‚Â¶Ã‚Â±ÃƒÂ Ã‚Â¶Ã‚Âº - Parewi Duwa Temple,"[0.9998120665550232, 0.9946447610855103, 0.9996232986450195, 0.9998167157173157, 0.9998164772987366]"
Weherahena Poorwarama Rajamaha Viharaya - Matara | ÃƒÂ Ã‚Â·Ã‚Â€ÃƒÂ Ã‚Â·Ã‚Â™ÃƒÂ Ã‚Â·Ã‚Â„ÃƒÂ Ã‚Â·Ã‚Â™ÃƒÂ Ã‚Â¶Ã‚Â»ÃƒÂ Ã‚Â·Ã‚Â„ÃƒÂ Ã‚Â·Ã‚ÂšÃƒÂ Ã‚Â¶Ã‚Â± ÃƒÂ Ã‚Â¶Ã‚Â´ÃƒÂ Ã‚Â·Ã‚Â”ÃƒÂ Ã‚Â¶Ã‚Â»ÃƒÂ Ã‚Â·Ã‚ÂŠÃƒÂ Ã‚Â·Ã‚Â€ÃƒÂ Ã‚Â·Ã‚ÂÃƒÂ Ã‚Â¶Ã‚Â»ÃƒÂ Ã‚Â·Ã‚ÂÃƒÂ Ã‚Â¶Ã‚Â¸ ÃƒÂ Ã‚Â¶Ã‚Â»ÃƒÂ Ã‚Â¶Ã‚Â¢ÃƒÂ Ã‚Â¶Ã‚Â¸ÃƒÂ Ã‚Â·Ã‚Â„ÃƒÂ Ã‚Â·Ã‚Â ÃƒÂ Ã‚Â·Ã‚Â€ÃƒÂ Ã‚Â·Ã‚Â’ÃƒÂ Ã‚Â·Ã‚Â„ÃƒÂ Ã‚Â·Ã‚ÂÃƒÂ Ã‚Â¶Ã‚Â»ÃƒÂ Ã‚Â¶Ã‚Âº - ÃƒÂ Ã‚Â¶Ã‚Â¸ÃƒÂ Ã‚Â·Ã‚ÂÃƒÂ Ã‚Â¶Ã‚Â­ÃƒÂ Ã‚Â¶Ã‚Â»,[0.9996873140335083]
Sunflower Arts & Crafts,[0.9996157884597778]
Fort Dew Guest House and Restaurant,[0.9995998740196228]
Sea Turtle Hatchery - Habaraduwa,"[0.9996998310089111, 0.9998194575309753, 0.9998301267623901, 0.9991419315338135, 0.9998363256454468]"
Galle Fort Attractions and Jumpers Sri Lanka,"[0.9996321201324463, 0.9984070658683777, 0.9998394250869751, 0.9996063113212585, 0.9957084655761719]"
St. Mary's Cathedral,"[0.9997878670692444, 0.9998346567153931, 0.9997194409370422, 0.9984742999076843, 0.9996371269226074]"
Black Galle Fort - Zwart Bastion,[0.9987776875495911]
Fort Entrance (Old Gate),[0.9996242523193359]
British Queen's House,"[0.9998766183853149, 0.9998099207878113, 0.9997033476829529, 0.9994218349456787, 0.9998056292533875]"
"All Saints' Church, Galle - Church of Ceylon","[0.9997285008430481, 0.9998314380645752, 0.9998502731323242, 0.999840259552002, 0.9995983242988586]"
Yala Green Safari,[0.9995810389518738]
Ruhunu Maha Kataragama Dewalaya,"[0.9997517466545105, 0.999685525894165, 0.9997748732566833, 0.9997145533561707, 0.996296226978302]"
Tissamaharama Raja Maha Vihara,"[0.9998301267623901, 0.9998552799224854, 0.9997885823249817, 0.9997394680976868, 0.9998382329940796]"
Hambantota Beach,"[0.9997338652610779, 0.9998447895050049, 0.9996356964111328, 0.9993219375610352, 0.9942314624786377]"
Peacock's Rock,[0.9996622800827026]
Ussangoda National Park | ÃƒÂ Ã‚Â¶Ã‚Â‹ÃƒÂ Ã‚Â·Ã‚ÂƒÃƒÂ Ã‚Â·Ã‚ÂŠÃƒÂ Ã‚Â·Ã‚ÂƒÃƒÂ Ã‚Â¶Ã‚Â±ÃƒÂ Ã‚Â·Ã‚ÂŠÃƒÂ Ã‚Â¶Ã‚ÂœÃƒÂ Ã‚Â·Ã‚ÂœÃƒÂ Ã‚Â¶Ã‚Â© ÃƒÂ Ã‚Â¶Ã‚Â¢ÃƒÂ Ã‚Â·Ã‚ÂÃƒÂ Ã‚Â¶Ã‚Â­ÃƒÂ Ã‚Â·Ã‚Â’ÃƒÂ Ã‚Â¶Ã‚Âš ÃƒÂ Ã‚Â¶Ã‚Â‹ÃƒÂ Ã‚Â¶Ã‚Â¯ÃƒÂ Ã‚Â·Ã‚ÂŠÃƒÂ¢Ã‚Â€Ã‚ÂÃƒÂ Ã‚Â¶Ã‚ÂºÃƒÂ Ã‚Â·Ã‚ÂÃƒÂ Ã‚Â¶Ã‚Â±ÃƒÂ Ã‚Â¶Ã‚Âº,[0.999441921710968]
Ridiyagama waterfront,"[0.00470142113044858, 0.0016775514231994748, 0.048133816570043564, 0.007693928200751543, 0.0005614006076939404]"
Heyna camping site,"[0.0007441863999702036, 0.0005494122160598636, 0.004887840244919062, 0.0006298943189904094, 0.011181404814124107]"
Ridiyagama Safari Park,[0.999543309211731]
Kalametiya Bird Sanctuary - Bird Watching & Ecotourism,"[0.9993107318878174, 0.9997790455818176, 0.9992081522941589, 0.9997981190681458, 0.9997567534446716]"
Lankavatara Beach,[0.9981305003166199]
"Nilavarai, Natural underground water well | ÃƒÂ Ã‚Â®Ã‚Â¨ÃƒÂ Ã‚Â®Ã‚Â¿ÃƒÂ Ã‚Â®Ã‚Â²ÃƒÂ Ã‚Â®Ã‚Â¾ÃƒÂ Ã‚Â®Ã‚ÂµÃƒÂ Ã‚Â®Ã‚Â°ÃƒÂ Ã‚Â¯Ã‚Âˆ, ÃƒÂ Ã‚Â®Ã‚Â‡ÃƒÂ Ã‚Â®Ã‚Â¯ÃƒÂ Ã‚Â®Ã‚Â±ÃƒÂ Ã‚Â¯Ã‚ÂÃƒÂ Ã‚Â®Ã‚Â•ÃƒÂ Ã‚Â¯Ã‚Âˆ ÃƒÂ Ã‚Â®Ã‚Â¨ÃƒÂ Ã‚Â®Ã‚Â¿ÃƒÂ Ã‚Â®Ã‚Â²ÃƒÂ Ã‚Â®Ã‚Â¤ÃƒÂ Ã‚Â¯Ã‚ÂÃƒÂ Ã‚Â®Ã‚Â¤ÃƒÂ Ã‚Â®Ã‚ÂŸÃƒÂ Ã‚Â®Ã‚Â¿ ÃƒÂ Ã‚Â®Ã‚Â¨ÃƒÂ Ã‚Â¯Ã‚Â€ÃƒÂ Ã‚Â®Ã‚Â°ÃƒÂ Ã‚Â¯Ã‚Â ÃƒÂ Ã‚Â®Ã‚Â•ÃƒÂ Ã‚Â®Ã‚Â¿ÃƒÂ Ã‚Â®Ã‚Â£ÃƒÂ Ã‚Â®Ã‚Â±ÃƒÂ Ã‚Â¯Ã‚Â | ÃƒÂ Ã‚Â¶Ã‚Â±ÃƒÂ Ã‚Â·Ã‚Â’ÃƒÂ Ã‚Â¶Ã‚Â½ÃƒÂ Ã‚Â·Ã‚Â€ÃƒÂ Ã‚Â¶Ã‚Â»ÃƒÂ Ã‚Â·Ã‚ÂÃƒÂ Ã‚Â¶Ã‚ÂºÃƒÂ Ã‚Â·Ã‚Â’, ÃƒÂ Ã‚Â·Ã‚ÂƒÃƒÂ Ã‚Â·Ã‚ÂŠÃƒÂ Ã‚Â·Ã‚Â€ÃƒÂ Ã‚Â¶Ã‚Â·ÃƒÂ Ã‚Â·Ã‚ÂÃƒÂ Ã‚Â·Ã‚Â€ÃƒÂ Ã‚Â·Ã‚Â’ÃƒÂ Ã‚Â¶Ã‚Âš ÃƒÂ Ã‚Â¶Ã‚Â·ÃƒÂ Ã‚Â·Ã‚Â–ÃƒÂ Ã‚Â¶Ã‚ÂœÃƒÂ Ã‚Â¶Ã‚Â­ ÃƒÂ Ã‚Â¶Ã‚Â¢ÃƒÂ Ã‚Â¶Ã‚Â½ ÃƒÂ Ã‚Â·Ã‚Â…ÃƒÂ Ã‚Â·Ã‚Â’ÃƒÂ Ã‚Â¶Ã‚Â³",[0.9996976852416992]
St. Mary's Cathedral Jaffna,"[0.9998612403869629, 0.9996963739395142, 0.9993509650230408, 0.9995443224906921, 0.5009005069732666]"
Dutch Fort - Jaffna,"[0.9998499155044556, 0.9997971653938293, 0.999786913394928, 0.9998451471328735, 0.9994590878486633]"
Jaffna Lagoon Area,"[0.9998672008514404, 0.9992364645004272, 0.9984235763549805, 0.9998077750205994, 0.04593950882554054]"
"St. Anthony's Shrine, Kochchikade.",[0.999692440032959]
Kandyan Cultural Centre,"[0.9997085928916931, 0.9989210367202759, 0.999790370464325, 0.9987659454345703, 0.9994950294494629]"
Udawatta Kele Sanctuary,"[0.999760091304779, 0.9997517466545105, 0.9995104074478149, 0.9967114925384521, 0.9993914365768433]"
Hunnasgiriya Water Fall,"[0.9998306035995483, 0.9997687935829163, 0.999702513217926, 0.9997807145118713, 0.9995304346084595]"
Hatale Mini World's End,[0.9995100498199463]
Balana Fort | ÃƒÂ Ã‚Â¶Ã‚Â¶ÃƒÂ Ã‚Â¶Ã‚Â½ÃƒÂ Ã‚Â¶Ã‚Â± ÃƒÂ Ã‚Â¶Ã‚ÂšÃƒÂ Ã‚Â·Ã‚ÂœÃƒÂ Ã‚Â¶Ã‚Â§ÃƒÂ Ã‚Â·Ã‚Â”ÃƒÂ Ã‚Â·Ã‚Â€,"[0.9997122883796692, 0.9997817873954773, 0.9997847676277161, 0.9965083003044128, 0.9938504695892334]"
"Aluthnuwara Rajamaha Viharaya , Aluthnuwara",[0.9996832609176636]
Huluganga Ella Waterfall,"[0.9998099207878113, 0.9879246950149536, 0.9996390342712402, 0.9997676014900208, 0.999340832233429]"
Pitawala Patana Trail,"[0.9996470212936401, 0.9994519352912903, 0.9975952506065369, 0.9998192191123962, 0.9994727969169617]"
Nuwara Eliya Mountains view point,"[0.9998561143875122, 0.9990938901901245, 0.9988918900489807, 0.9989750385284424, 0.7106784582138062]"
Aberdeen Waterfall,[0.9914652705192566]
Siri Gautama Sambuddharaja Maligawa | ÃƒÂ Ã‚Â·Ã‚ÂƒÃƒÂ Ã‚Â·Ã‚Â’ÃƒÂ Ã‚Â¶Ã‚Â»ÃƒÂ Ã‚Â·Ã‚Â’ ÃƒÂ Ã‚Â¶Ã‚ÂœÃƒÂ Ã‚Â·Ã‚ÂžÃƒÂ Ã‚Â¶Ã‚Â­ÃƒÂ Ã‚Â¶Ã‚Â¸ ÃƒÂ Ã‚Â·Ã‚ÂƒÃƒÂ Ã‚Â¶Ã‚Â¸ÃƒÂ Ã‚Â·Ã‚ÂŠÃƒÂ Ã‚Â¶Ã‚Â¶ÃƒÂ Ã‚Â·Ã‚Â”ÃƒÂ Ã‚Â¶Ã‚Â¯ÃƒÂ Ã‚Â·Ã‚ÂŠÃƒÂ Ã‚Â¶Ã‚Â°ÃƒÂ Ã‚Â¶Ã‚Â»ÃƒÂ Ã‚Â·Ã‚ÂÃƒÂ Ã‚Â¶Ã‚Â¢ ÃƒÂ Ã‚Â¶Ã‚Â¸ÃƒÂ Ã‚Â·Ã‚ÂÃƒÂ Ã‚Â·Ã‚Â…ÃƒÂ Ã‚Â·Ã‚Â’ÃƒÂ Ã‚Â¶Ã‚ÂœÃƒÂ Ã‚Â·Ã‚ÂÃƒÂ Ã‚Â·Ã‚Â€,"[0.9996993541717529, 0.9995334148406982, 0.9995740056037903, 0.9998747110366821, 0.9993570446968079]"
Hidden Water fall Tiny Ella,"[0.00047603240818716586, 0.013456115499138832, 0.0035729610826820135, 0.02121623046696186, 0.0016849763924255967]"
Royal Palace Park,"[0.9994992017745972, 0.9953487515449524, 0.9994901418685913, 0.9998037219047546, 0.9996815919876099]"
"Arthur's Seat View Point, Kandy","[0.9998738765716553, 0.9996774196624756, 0.9998329877853394, 0.9925965070724487, 0.9997414946556091]"
Kandy Lake View Point,"[0.9997996687889099, 0.9998501539230347, 0.9981688261032104, 0.9997778534889221, 0.04934273287653923]"
International Buddhist Museum,"[0.9996861219406128, 0.9992544054985046, 0.9979390501976013, 0.9997518658638, 0.9996238946914673]"
National Railway Museum,"[0.9994862079620361, 0.9998632669448853, 0.9997889399528503, 0.9996134638786316, 0.999829888343811]"
Lion's Mouth Rock Kadugannawa,"[0.9998487234115601, 0.998694121837616, 0.999702513217926, 0.9997573494911194, 0.01728488691151142]"
St. Mary's Church,"[0.9996894598007202, 0.9992613196372986, 0.9997286200523376, 0.9996538162231445, 0.9973236322402954]"
Sangupiddi Bridge,[0.999241828918457]
Sayansi Beach,[0.9994897842407227]
Arukuveli Beach,[0.9995337724685669]
Paduwasnuwara Museum,"[0.9998087286949158, 0.998094379901886, 0.9998056292533875, 0.00868144165724516, 0.9994729161262512]"
Mahamevnawa Buddhist Monastery - Polgahawela,"[0.999649167060852, 0.9997885823249817, 0.9997723698616028, 0.9984074234962463, 0.9998447895050049]"
Athugala Viharaya,"[0.9998095631599426, 0.9996793270111084, 0.9996896982192993, 0.999862551689148, 0.9981179237365723]"
Bathalagoda Tank,"[0.9995356798171997, 0.9998576641082764, 0.9989901185035706, 0.9987377524375916, 0.9997542500495911]"
"Baobab Tree Pallimunai, Mannar, Sri Lanka",[0.9995586276054382]
National Shrine of Our Lady of Madhu,"[0.9998345375061035, 0.9997507929801941, 0.999767005443573, 0.9995414018630981, 0.9989546537399292]"
Mannar Dutch Fort,"[0.9997672438621521, 0.9985955357551575, 0.9990488886833191, 0.9994999170303345, 0.91633141040802]"
Bird Watching Tower,"[0.9998321533203125, 0.9995926022529602, 0.9998338222503662, 0.9989350438117981, 0.9902424216270447]"
Vankalaippadu Beach,[0.8446779251098633]
Talaimannar Lighthouse,"[0.9995216131210327, 0.9997660517692566, 0.998788058757782, 0.998117208480835, 0.9996627569198608]"
Sandaraja Wana Arana ÃƒÂ Ã‚Â·Ã‚ÂƒÃƒÂ Ã‚Â¶Ã‚Â³ÃƒÂ Ã‚Â¶Ã‚Â»ÃƒÂ Ã‚Â·Ã‚ÂÃƒÂ Ã‚Â¶Ã‚Â¢ ÃƒÂ Ã‚Â·Ã‚Â€ÃƒÂ Ã‚Â¶Ã‚Â± ÃƒÂ Ã‚Â¶Ã‚Â…ÃƒÂ Ã‚Â¶Ã‚Â»ÃƒÂ Ã‚Â¶Ã‚Â«,[0.9996962547302246]
Box Stone ( pettigala ),"[0.9996923208236694, 0.9991575479507446, 0.9998062252998352, 0.0032236026600003242, 0.004287568852305412]"
Turtle Watch Rekawa,"[0.9863370060920715, 0.9872360825538635, 0.9996090531349182, 0.0030181414913386106, 0.020737454295158386]"
Uduwathura Lake,[0.9996310472488403]
Snake Farm Weligama (Traditional Farm),"[0.998336911201477, 0.9998737573623657, 0.9997772574424744, 0.9956650137901306, 0.9976843595504761]"
Maligawila Buddha Statue,[0.9997468590736389]
Lahugala Magul Maha Viharaya,[0.9992477893829346]
Menik Ganga - Dunhinda Falls,"[0.004612645134329796, 0.003547213040292263, 0.0028758500702679157, 0.16702906787395477, 0.010678337886929512]"
Thummulla Wewa,"[0.9998512268066406, 0.9997907280921936, 0.9997662901878357, 0.9996004700660706, 0.8040786981582642]"
Okanda Beach,"[0.9995673298835754, 0.9998583793640137, 0.9997957348823547, 0.9977422952651978, 0.9975603818893433]"
Panakala Lagoon,[0.0035723703913390636]
Monument of Victory,"[0.9998453855514526, 0.9991163611412048, 0.9997559189796448, 0.9798816442489624, 0.9989105463027954]"
Chundikulam Bird Sanctuary,"[0.9998000264167786, 0.9998146891593933, 0.9985014200210571, 0.9997289776802063, 0.9892113208770752]"
Mullaitivu Beach,"[0.9998526573181152, 0.9997819066047668, 0.9965112805366516, 0.9994421601295471, 0.9993347525596619]"
Kirindi Ella Waterfall,[0.9996262788772583]
Sripada Peak Wilderness Sanctuary,[0.9992952346801758]
Ambuluwawa Temple - ÃƒÂ Ã‚Â¶Ã‚Â…ÃƒÂ Ã‚Â¶Ã‚Â¸ÃƒÂ Ã‚Â·Ã‚ÂŠÃƒÂ Ã‚Â¶Ã‚Â¶ÃƒÂ Ã‚Â·Ã‚Â”ÃƒÂ Ã‚Â·Ã‚Â…ÃƒÂ Ã‚Â·Ã‚Â”ÃƒÂ Ã‚Â·Ã‚Â€ÃƒÂ Ã‚Â·Ã‚ÂÃƒÂ Ã‚Â·Ã‚Â€ ÃƒÂ Ã‚Â·Ã‚Â€ÃƒÂ Ã‚Â·Ã‚Â’ÃƒÂ Ã‚Â·Ã‚Â„ÃƒÂ Ã‚Â·Ã‚ÂÃƒÂ Ã‚Â¶Ã‚Â»ÃƒÂ Ã‚Â¶Ã‚Âº,[0.9995771050453186]
Ice fall view point,"[0.9998461008071899, 0.999114453792572, 0.9998739957809448, 0.9998095631599426, 0.9972622394561768]"
"Nanu Oya Water Falls, Nanu Oya","[0.9998254179954529, 0.9996464252471924, 0.9996734857559204, 0.9998130202293396, 0.9986359477043152]"
Glassaugh Falls,"[0.9998524188995361, 0.9967650175094604, 0.9998393058776855, 0.9993756413459778, 0.999782383441925]"
Single Tree Hill,"[0.9998432397842407, 0.9998680353164673, 0.9997560381889343, 0.9234359860420227, 0.9998331069946289]"
Swarnagiri Maha Viharaya / Single Tree Temple,"[0.9995416402816772, 0.9996552467346191, 0.9998249411582947, 0.9996649026870728, 0.9978724718093872]"
Chariot Path,"[0.9998195767402649, 0.9998311996459961, 0.9993855953216553, 0.9998326301574707, 0.9998486042022705]"
Angammedilla National Park,[0.9995537400245667]
Hurulu Eco Park - Wild Elephant Safari,"[0.9997425675392151, 0.9997312426567078, 0.9996856451034546, 0.999702513217926, 0.999692440032959]"
Somawathiya National Park,[0.9997496008872986]
Lotus Pond (Nelum pokuna II (ÃƒÂ Ã‚Â¶Ã‚Â±ÃƒÂ Ã‚Â·Ã‚Â™ÃƒÂ Ã‚Â·Ã‚Â…ÃƒÂ Ã‚Â·Ã‚Â”ÃƒÂ Ã‚Â¶Ã‚Â¸ÃƒÂ Ã‚Â·Ã‚ÂŠ ÃƒÂ Ã‚Â¶Ã‚Â´ÃƒÂ Ã‚Â·Ã‚ÂœÃƒÂ Ã‚Â¶Ã‚ÂšÃƒÂ Ã‚Â·Ã‚Â”ÃƒÂ Ã‚Â¶Ã‚Â« II)),"[0.9994009733200073, 0.9996529817581177, 0.9998729228973389, 0.11709713935852051, 0.9998655319213867]"
Lotus Pond (Ancient Nelum Pokuna),[0.9985462427139282]
Kiri Vehera,[0.9996540546417236]
Sathmahal Prasadaya (ÃƒÂ Ã‚Â·Ã‚ÂƒÃƒÂ Ã‚Â¶Ã‚Â­ÃƒÂ Ã‚Â·Ã‚ÂŠÃƒÂ Ã‚Â¶Ã‚Â¸ÃƒÂ Ã‚Â·Ã‚Â„ÃƒÂ Ã‚Â¶Ã‚Â½ÃƒÂ Ã‚Â·Ã‚ÂŠ ÃƒÂ Ã‚Â¶Ã‚Â´ÃƒÂ Ã‚Â·Ã‚ÂŠÃƒÂ¢Ã‚Â€Ã‚ÂÃƒÂ Ã‚Â¶Ã‚Â»ÃƒÂ Ã‚Â·Ã‚ÂÃƒÂ Ã‚Â·Ã‚ÂƒÃƒÂ Ã‚Â·Ã‚ÂÃƒÂ Ã‚Â¶Ã‚Â¯ÃƒÂ Ã‚Â¶Ã‚Âº) - 51,"[0.9997417330741882, 0.9987101554870605, 0.9997499585151672, 0.9996581077575684, 0.9671769142150879]"
Hatadage,[0.9994045495986938]
Thuparama Image House - 31(Image of Boddhisathwa),"[0.99950110912323, 0.9994857311248779, 0.9997290968894958, 0.9997798800468445, 0.45320242643356323]"
Dalada Maluva - ( Polonnaruwa),"[0.9997194409370422, 0.959665060043335, 0.9998601675033569, 0.9992417097091675, 0.9998053908348083]"
Nissanka Lata Mandapa,[0.9993999004364014]
Vatadage,[0.99959796667099]
Council Chamber,"[0.9991408586502075, 0.9998469352722168, 0.9988440275192261, 0.9995263814926147, 0.9930999279022217]"
Royal Palace of King Maha Parakramabahu,"[0.9997838139533997, 0.9997456669807434, 0.9997051358222961, 0.9998373985290527, 0.9993090629577637]"
Parakrama Samudraya,[0.999596893787384]
Potgul Temple,"[0.99964439868927, 0.9994379878044128, 0.9998047947883606, 0.9993699193000793, 0.9998049139976501]"
Kalpitiya Dutch Church,"[0.9995137453079224, 0.9579315185546875, 0.9979428648948669, 0.8695415258407593, 0.9977697134017944]"
Kudawa Beach Kalpitiya,[0.999198853969574]
Kalmunai Point,[0.9980133771896362]
Thalawila Beach,[0.9989131689071655]
Turtle Watching point,"[0.0029475258197635412, 0.0008634868427179754, 0.0003129539836663753, 0.9948505759239197, 0.0008384298416785896]"
Blue moon camping,[0.9995998740196228]
Rajanawa Waterfall,"[0.9959753155708313, 0.9995412826538086, 0.99954754114151, 0.9993962049484253, 0.9997307658195496]"
Katugas Ella Waterfall,"[0.9998624324798584, 0.9984155893325806, 0.9967197775840759, 0.9997665286064148, 0.9706084728240967]"
Hirigalketiya waterfall,"[0.00023865728871896863, 0.00021376133372541517, 0.0003442241868469864, 0.0026329534593969584, 0.07514560967683792]"
Kiriwalketiya waterfall,"[0.020435364916920662, 0.004386509768664837, 0.009405052289366722, 0.007243207190185785, 0.006824355572462082]"
Alupotha Ella Waterfall,"[0.999806821346283, 0.9982914328575134, 0.9992432594299316, 0.9996278285980225, 0.6721398830413818]"
Lissana gala,[0.9987793564796448]
Hathbamba Ella Waterfall,"[0.9998449087142944, 0.9997523427009583, 0.9989444613456726, 0.9996522665023804, 0.998658299446106]"
Thepulangoda Waterfall,"[0.9997419714927673, 0.9997001886367798, 0.9998045563697815, 0.9986982345581055, 0.9996895790100098]"
Watawala Ella,"[0.00327054294757545, 0.0024328262079507113, 0.00040065465145744383, 0.0007389152888208628, 0.000652722897939384]"
Dhushan ella,[0.9997045397758484]
Pandalawa Ella,[0.9998134970664978]
Dimiyawa View Point,"[0.9997993111610413, 0.9998785257339478, 0.9998193383216858, 0.9905440807342529, 0.9996135830879211]"
Madola Ella,"[0.9997749924659729, 0.9989516735076904, 0.996606707572937, 0.999489426612854, 0.999683141708374]"
Nawanalla waterfall,"[0.9997726082801819, 0.9993593096733093, 0.9946587681770325, 0.9996629953384399, 0.9992269277572632]"
Hundukata,[0.9997517466545105]
Rawana Abyss,"[0.9997749924659729, 0.9997937083244324, 0.9998675584793091, 0.9995272159576416, 0.9995926022529602]"
Fort Frederick,[0.9991668462753296]
Dutch Bay Beach,"[0.9971925616264343, 0.9992045760154724, 0.9990419745445251, 0.9998433589935303, 0.999747097492218]"
Trincomalee Beach,"[0.9994208812713623, 0.9995051622390747, 0.9996041655540466, 0.998933732509613, 0.9998393058776855]"
Lake side cabana,"[0.0008081347914412618, 0.011728196404874325, 0.0014724109787493944, 0.0016340361908078194, 0.004920060746371746]"
Paravagale - ampara,"[0.9998495578765869, 0.9995414018630981, 0.998688280582428, 0.999727189540863, 0.01078526396304369]"
Jayanthi Wewa Hot Spring,"[0.9966852068901062, 0.9971837401390076, 0.9998260140419006, 0.9993495345115662, 0.997205913066864]"
Deegavapi Maha Stupa ÃƒÂ Ã‚Â¶Ã‚Â¯ÃƒÂ Ã‚Â·Ã‚Â“ÃƒÂ Ã‚Â¶Ã‚ÂÃƒÂ Ã‚Â·Ã‚Â€ÃƒÂ Ã‚Â·Ã‚ÂÃƒÂ Ã‚Â¶Ã‚Â´ÃƒÂ Ã‚Â·Ã‚Â’ÃƒÂ Ã‚Â¶Ã‚Âº ÃƒÂ Ã‚Â¶Ã‚Â¸ÃƒÂ Ã‚Â·Ã‚Â„ ÃƒÂ Ã‚Â·Ã‚ÂƒÃƒÂ Ã‚Â·Ã‚ÂŠÃƒÂ Ã‚Â¶Ã‚Â®ÃƒÂ Ã‚Â·Ã‚Â–ÃƒÂ Ã‚Â¶Ã‚Â´ÃƒÂ Ã‚Â¶Ã‚Âº,[0.9994441866874695]
Umari Lagoon,[0.9985615611076355]
Anuradhapura New Town,"[0.9997242093086243, 0.9997461438179016, 0.9997712969779968, 0.9994356036186218, 0.9970717430114746]"
Dakkhina Stupa - Anuradhapura,[0.9979459643363953]
"Maha Viharaya, Anuradhapura","[0.999767005443573, 0.9980291724205017, 0.999866247177124, 0.9995620846748352, 0.995102047920227]"
Star Gate - Ranmasu Uyana,[0.9996100068092346]
Ranmasu Uyana (Royal Park),[0.9994726777076721]
"Hali-ela , Sri Lanka","[0.999542236328125, 0.9998016953468323, 0.9998196959495544, 0.9995941519737244, 0.9964364767074585]"
Dimbulana hills Spot,[0.9995835423469543]
Narangala Golden Mountain,[0.9992021918296814]
Geradi Ella Falls,[0.9996122717857361]
Pudumala camp site,"[0.9973564147949219, 0.9979221224784851, 0.006167559884488583, 0.0005563051672652364, 0.9920781254768372]"
Dutch Cannon,"[0.0003116320585832, 0.0003889320360030979, 0.0010735098039731383, 0.22972331941127777, 0.0004887242102995515]"
Batticaloa Lagoon,"[0.9993255138397217, 0.9974959492683411, 0.9993758797645569, 0.9994264841079712, 0.999794065952301]"
New Kallady bridge view point,[0.6107608675956726]
Jana Kala Kendraya,"[0.9996155500411987, 0.9997039437294006, 0.9998149275779724, 0.999447762966156, 0.024354690685868263]"
Sambodhi Pagoda Temple,"[0.9997230172157288, 0.9997469782829285, 0.9997327923774719, 0.9993051290512085, 0.9997864365577698]"
Korathota Royal Temple,[0.9992515444755554]
Neluwa Doovili Ella,"[0.999606192111969, 0.9998408555984497, 0.9996165037155151, 0.9995846152305603, 0.999622106552124]"
Rillamba Surf Point,"[0.0020381612703204155, 0.0009135551517829299]"
rumassala,"[0.000838208245113492, 0.0005554801900871098, 0.9696322083473206, 0.0015017969999462366, 0.00971064530313015]"
jungle muru safari,"[0.9997809529304504, 0.9997866749763489, 0.9997857213020325, 0.9990060925483704, 0.999772846698761]"
Wirawila Tissa Sanctuary,"[0.9998111128807068, 0.9997499585151672, 0.9978919625282288, 0.9993909597396851, 0.9997128844261169]"
"Our Lady of Refuge (OLR) Church, Jaffna | ÃƒÂ Ã‚Â®Ã‚Â…ÃƒÂ Ã‚Â®Ã‚ÂŸÃƒÂ Ã‚Â¯Ã‚ÂˆÃƒÂ Ã‚Â®Ã‚Â•ÃƒÂ Ã‚Â¯Ã‚ÂÃƒÂ Ã‚Â®Ã‚Â•ÃƒÂ Ã‚Â®Ã‚Â² ÃƒÂ Ã‚Â®Ã‚Â®ÃƒÂ Ã‚Â®Ã‚Â¾ÃƒÂ Ã‚Â®Ã‚Â¤ÃƒÂ Ã‚Â®Ã‚Â¾ ÃƒÂ Ã‚Â®Ã‚Â•ÃƒÂ Ã‚Â¯Ã‚Â‹ÃƒÂ Ã‚Â®Ã‚ÂµÃƒÂ Ã‚Â®Ã‚Â¿ÃƒÂ Ã‚Â®Ã‚Â²ÃƒÂ Ã‚Â¯Ã‚Â | ÃƒÂ Ã‚Â¶Ã‚Â…ÃƒÂ Ã‚Â¶Ã‚Â©ÃƒÂ Ã‚Â¶Ã‚ÂšÃƒÂ Ã‚Â·Ã‚ÂŠÃƒÂ Ã‚Â¶Ã‚ÂšÃƒÂ Ã‚Â¶Ã‚Â½ ÃƒÂ Ã‚Â¶Ã‚Â¸ÃƒÂ Ã‚Â·Ã‚ÂÃƒÂ Ã‚Â¶Ã‚Â­ÃƒÂ Ã‚Â·Ã‚Â ÃƒÂ Ã‚Â¶Ã‚Â¯ÃƒÂ Ã‚Â·Ã‚ÂšÃƒÂ Ã‚Â·Ã‚Â€ÃƒÂ Ã‚Â·Ã‚ÂƒÃƒÂ Ã‚Â·Ã‚ÂŠÃƒÂ Ã‚Â¶Ã‚Â®ÃƒÂ Ã‚Â·Ã‚ÂÃƒÂ Ã‚Â¶Ã‚Â±ÃƒÂ Ã‚Â¶Ã‚Âº","[0.9992015957832336, 0.9995836615562439, 0.9997950196266174, 0.9994945526123047, 0.9998503923416138]"
King Sangiliyan's Statue,"[0.9988813996315002, 0.999862790107727, 0.9994617104530334, 0.999777615070343, 0.9995088577270508]"
Neithal Eco Park - Mandaitivu,[0.999603807926178]
SUNDARAM BEACH,[0.9991195797920227]
Mandathivu Beach,"[0.9998229146003723, 0.9998102784156799, 0.9983795881271362, 0.9688462615013123, 0.9997133612632751]"
Neithal Park,[0.002846156945452094]
Manelwatta Temple,"[0.999659538269043, 0.9998379945755005, 0.9997602105140686, 0.9998061060905457, 0.99875807762146]"
"Sinharaja Rain forest, Waddagala, Kalawana",[0.9985557198524475]
Deliwala Kota Vehera Temple,"[0.9996678829193115, 0.9996755123138428, 0.9995276927947998, 0.9998716115951538, 0.010985450819134712]"
Ruins of Poonakary Fort | ÃƒÂ Ã‚Â®Ã‚ÂªÃƒÂ Ã‚Â¯Ã‚Â‚ÃƒÂ Ã‚Â®Ã‚Â¨ÃƒÂ Ã‚Â®Ã‚Â•ÃƒÂ Ã‚Â®Ã‚Â°ÃƒÂ Ã‚Â®Ã‚Â¿ ÃƒÂ Ã‚Â®Ã‚Â•ÃƒÂ Ã‚Â¯Ã‚Â‹ÃƒÂ Ã‚Â®Ã‚ÂŸÃƒÂ Ã‚Â¯Ã‚ÂÃƒÂ Ã‚Â®Ã‚ÂŸÃƒÂ Ã‚Â¯Ã‚Âˆ | ÃƒÂ Ã‚Â¶Ã‚Â´ÃƒÂ Ã‚Â·Ã‚Â”ÃƒÂ Ã‚Â¶Ã‚Â±ÃƒÂ Ã‚Â¶Ã‚Â»ÃƒÂ Ã‚Â·Ã‚Â’ÃƒÂ Ã‚Â¶Ã‚Â±ÃƒÂ Ã‚Â·Ã‚ÂŠ ÃƒÂ Ã‚Â¶Ã‚ÂšÃƒÂ Ã‚Â·Ã‚ÂœÃƒÂ Ã‚Â¶Ã‚Â§ÃƒÂ Ã‚Â·Ã‚Â”ÃƒÂ Ã‚Â·Ã‚Â€,"[0.9960616230964661, 0.9994137287139893, 0.9997932314872742, 0.9998021721839905, 0.9982413053512573]"
Pallikuda Beach,[0.38441455364227295]
Windmill,"[0.9996629953384399, 0.9997401833534241, 0.8594117164611816, 0.9998100399971008, 0.9997534155845642]"
National Spice Garden of Sri Lanka,"[0.9998677968978882, 0.9998563528060913, 0.9994527697563171, 0.9986881613731384, 0.9997168183326721]"
Bowatenna Reservoir | ÃƒÂ Ã‚Â¶Ã‚Â¶ÃƒÂ Ã‚Â·Ã‚ÂÃƒÂ Ã‚Â·Ã‚Â€ÃƒÂ Ã‚Â¶Ã‚Â­ÃƒÂ Ã‚Â·Ã‚ÂÃƒÂ Ã‚Â¶Ã‚Â±ÃƒÂ Ã‚Â·Ã‚ÂŠÃƒÂ Ã‚Â¶Ã‚Â± ÃƒÂ Ã‚Â¶Ã‚Â¢ÃƒÂ Ã‚Â¶Ã‚Â½ÃƒÂ Ã‚Â·Ã‚ÂÃƒÂ Ã‚Â·Ã‚ÂÃƒÂ Ã‚Â¶Ã‚Âº,"[0.9995107650756836, 0.9995848536491394, 0.9997736811637878, 0.06282179802656174, 0.999800980091095]"
NÃƒÂ„Ã‚Â Uyana Forest Monastery,[0.9988176226615906]
Panduwasnuwara Kingdom,[0.9996517896652222]
Hettipola wewa,[0.9991934895515442]
Millella Small Waterfall,[0.989791750907898]
Vankalai Bird Sanctuary,[0.9995330572128296]
Kattukkarai Kulam,"[0.9996582269668579, 0.9998107552528381, 0.9996160268783569, 0.9996138215065002, 0.9997637867927551]"
Pesalai Beach,[0.9996852874755859]
Ram setu,"[0.9998618364334106, 0.9939432740211487, 0.9997389912605286, 0.9998231530189514, 0.9993463158607483]"
Kiranchi Beach,[0.0008985063759610057]
Crocodile Lake - Panama,"[0.9993993043899536, 0.9996731281280518, 0.9976372718811035, 0.9983347058296204, 0.9996485710144043]"
Diggala Campaign Side,[0.9996881484985352]
ÃƒÂ Ã‚Â¶Ã‚Â´ÃƒÂ Ã‚Â·Ã‚ÂÃƒÂ Ã‚Â¶Ã‚Â±ÃƒÂ Ã‚Â¶Ã‚Â¸ ÃƒÂ Ã‚Â·Ã‚Â€ÃƒÂ Ã‚Â·Ã‚ÂÃƒÂ Ã‚Â·Ã‚Â€ | Panama Wewa,"[0.9998377561569214, 0.9992434978485107, 0.9998396635055542, 0.9995061159133911, 0.05045546218752861]"
Pareiyan Ella Falls | ÃƒÂ Ã‚Â¶Ã‚Â´ÃƒÂ Ã‚Â¶Ã‚Â»ÃƒÂ Ã‚Â·Ã‚Â™ÃƒÂ Ã‚Â¶Ã‚ÂºÃƒÂ Ã‚Â·Ã‚Â’ÃƒÂ Ã‚Â¶Ã‚ÂºÃƒÂ Ã‚Â¶Ã‚Â±ÃƒÂ Ã‚Â·Ã‚ÂŠ ÃƒÂ Ã‚Â¶Ã‚Â‡ÃƒÂ Ã‚Â¶Ã‚Â½ÃƒÂ Ã‚Â·Ã‚ÂŠÃƒÂ Ã‚Â¶Ã‚Â½,"[0.999833345413208, 0.999640703201294, 0.9998200535774231, 0.9990046620368958, 0.9996247291564941]"
ÃƒÂ Ã‚Â¶Ã‚Â”ÃƒÂ Ã‚Â¶Ã‚ÂšÃƒÂ Ã‚Â¶Ã‚Â±ÃƒÂ Ã‚Â·Ã‚ÂŠÃƒÂ Ã‚Â¶Ã‚Â¯ ÃƒÂ Ã‚Â·Ã‚Â€ÃƒÂ Ã‚Â·Ã‚Â™ÃƒÂ Ã‚Â¶Ã‚Â»ÃƒÂ Ã‚Â·Ã‚Â… | ÃƒÂ Ã‚Â®Ã‚Â‰ÃƒÂ Ã‚Â®Ã‚Â•ÃƒÂ Ã‚Â®Ã‚Â¨ÃƒÂ Ã‚Â¯Ã‚ÂÃƒÂ Ã‚Â®Ã‚Â¤ÃƒÂ Ã‚Â¯Ã‚Âˆ ÃƒÂ Ã‚Â®Ã‚Â•ÃƒÂ Ã‚Â®Ã‚ÂŸÃƒÂ Ã‚Â®Ã‚Â±ÃƒÂ Ã‚Â¯Ã‚ÂÃƒÂ Ã‚Â®Ã‚Â•ÃƒÂ Ã‚Â®Ã‚Â°ÃƒÂ Ã‚Â¯Ã‚Âˆ | Okanda Beach,[0.9997039437294006]
Kanakarayan Kulam,"[0.9997078776359558, 0.9997496008872986, 0.9995181560516357, 0.9997856020927429, 0.9997676014900208]"
ÃƒÂ Ã‚Â¶Ã‚ÂšÃƒÂ Ã‚Â·Ã‚ÂÃƒÂ Ã‚Â¶Ã‚ÂšÃƒÂ Ã‚Â·Ã‚Â’ÃƒÂ Ã‚Â·Ã‚Â…ÃƒÂ Ã‚Â·Ã‚ÂÃƒÂ Ã‚Â¶Ã‚ÂºÃƒÂ Ã‚Â·Ã‚Â’ ÃƒÂ Ã‚Â·Ã‚Â€ÃƒÂ Ã‚Â·Ã‚Â™ÃƒÂ Ã‚Â¶Ã‚Â»ÃƒÂ Ã‚Â·Ã‚Â… |Kokkilai Beach,"[0.9997257590293884, 0.9998540878295898, 0.997015118598938, 0.9997888207435608, 0.9985371828079224]"
Alahana Pirivena,[0.999723494052887]
Ruins of an ancient building,"[0.9996788501739502, 0.9998730421066284, 0.9998190999031067, 0.9949413537979126, 0.999840259552002]"
Polonnaruwa Sivan Kovil,"[0.9987792372703552, 0.9997459053993225, 0.9997103810310364, 0.998814582824707, 0.9995527863502502]"
Palace of King Nishshanka Malla,[0.999414324760437]
Boat Trip Kalpitiya | Dolphin Watching,[0.999439537525177]
Alankuda Casuarina Beach,[0.9996182918548584]
Mahakarambewa Wewa,"[0.0009640065836720169, 0.0004482162185013294, 0.9930073022842407, 0.0009400917333550751, 0.002267052186653018]"
Thabbowa Wewa View Point,[0.9995779395103455]
"Nuraicholai Casuarina Beach , ÃƒÂ Ã‚Â®Ã‚ÂšÃƒÂ Ã‚Â®Ã‚ÂµÃƒÂ Ã‚Â¯Ã‚ÂÃƒÂ Ã‚Â®Ã‚Â•ÃƒÂ Ã‚Â¯Ã‚ÂÃƒÂ Ã‚Â®Ã‚Â•ÃƒÂ Ã‚Â¯Ã‚Â ÃƒÂ Ã‚Â®Ã‚Â¤ÃƒÂ Ã‚Â¯Ã‚Â‹ÃƒÂ Ã‚Â®Ã‚ÂŸÃƒÂ Ã‚Â¯Ã‚ÂÃƒÂ Ã‚Â®Ã‚ÂŸÃƒÂ Ã‚Â®Ã‚Â®ÃƒÂ Ã‚Â¯Ã‚Â KasaKale","[0.9972051978111267, 0.9998564720153809, 0.998674750328064, 0.9970284104347229, 0.9920108914375305]"
Weli Oya Bridge,"[0.9994705319404602, 0.9994975328445435, 0.9985051155090332, 0.999803364276886, 0.9998712539672852]"
Diyagala Escape,"[0.0004277510743122548, 0.0003522520128171891, 0.0003607516409829259, 0.007301433477550745, 0.008111844770610332]"
Hathbili Ella Falls,"[0.9998737573623657, 0.9997147917747498, 0.9996448755264282, 0.9974581599235535, 0.9998331069946289]"
Aanda Ella Fall,"[0.9998121857643127, 0.9998152852058411, 0.9977394342422485, 0.9998636245727539, 0.1304561048746109]"
Elephant Point Beach,[0.9995468258857727]
Katukeliyawa Wewa,"[0.003889960004016757, 0.006146186962723732, 0.007260728627443314, 0.0014182499144226313, 0.0004158967931289226]"
Wedikkarayage Wewa,"[0.0024936823174357414, 0.0014202813617885113, 0.0026194194797426462, 0.0016075216699391603, 0.04221063107252121]"
Kadawatha Wewa,[0.0031203690450638533]
Maha Meegaskada Wewa,"[0.0005516827804967761, 0.0006526084034703672, 0.0021178226452320814, 0.0004425330553203821, 0.0030074738897383213]"
Mekichchawa Wewa,"[0.00019396240531932563, 0.0007601322722621262, 0.005333497188985348, 0.004179535899311304, 0.0006967789377085865]"
Kuda Meegaskada Wewa,"[0.004366854205727577, 0.00126415875274688, 0.010243326425552368, 0.00576433353126049, 0.0015047057531774044]"
Divulgaskada Kuda Wewa,[0.9991424083709717]
Palugollewa Wewa,[0.9994704127311707]
Rathmalwetiya Wewa,[0.9998165965080261]
Galegama Wewa,"[0.999685525894165, 0.9987599849700928, 0.9932332634925842, 0.9991877675056458, 0.9992941617965698]"
Riverston,[0.9995168447494507]
Coral Sanctuary Boat Ticket Issue Center,"[0.9998342990875244, 0.9996451139450073, 0.9980362057685852, 0.9991928935050964, 0.9991581439971924]"
Makandawa Conservation Center (Makandawa Forest),[0.9996508359909058]
Ritigala,"[0.9998395442962646, 0.9975003600120544, 0.9996330738067627, 0.9998119473457336, 0.9996848106384277]"
Limestone Caves|ÃƒÂ Ã‚Â®Ã‚ÂšÃƒÂ Ã‚Â¯Ã‚ÂÃƒÂ Ã‚Â®Ã‚Â£ÃƒÂ Ã‚Â¯Ã‚ÂÃƒÂ Ã‚Â®Ã‚Â£ÃƒÂ Ã‚Â®Ã‚Â¾ÃƒÂ Ã‚Â®Ã‚Â®ÃƒÂ Ã‚Â¯Ã‚ÂÃƒÂ Ã‚Â®Ã‚ÂªÃƒÂ Ã‚Â¯Ã‚Â ÃƒÂ Ã‚Â®Ã‚Â•ÃƒÂ Ã‚Â¯Ã‚ÂÃƒÂ Ã‚Â®Ã‚Â•ÃƒÂ Ã‚Â¯Ã‚Âˆ ÃƒÂ Ã‚Â®Ã‚ÂµÃƒÂ Ã‚Â®Ã‚Â³ÃƒÂ Ã‚Â®Ã‚Â¾ÃƒÂ Ã‚Â®Ã‚Â•ÃƒÂ Ã‚Â®Ã‚Â®ÃƒÂ Ã‚Â¯Ã‚Â,"[0.9995847344398499, 0.9988540410995483, 0.9997972846031189, 0.999800980091095, 0.07310996204614639]"
Dambulla Royal Cave Temple and Golden Temple,"[0.9998728036880493, 0.9998624324798584, 0.9973467588424683, 0.9990907907485962, 0.9998146891593933]"
Peradeniya,[0.9996882677078247]
Kataragama,"[0.03736587241292, 0.0024397121742367744, 0.008455735631287098, 0.9917649626731873, 0.04884976148605347]"
Ambuluwawa Biodiversity Complex,"[0.9998694658279419, 0.9998140931129456, 0.9965195655822754, 0.9996020197868347, 0.9941986799240112]"
Madunagala Hot Water Spring,"[0.9992368221282959, 0.9995075464248657, 0.9998258948326111, 0.999816358089447, 0.9928319454193115]"
Elephant Transit Home,"[0.9997414946556091, 0.9996422529220581, 0.9952736496925354, 0.994232714176178, 0.9988952875137329]"
Victor Hasselblad Sea Turtle Research And Conservation Centre,"[0.9998440742492676, 0.9997712969779968, 0.9997017979621887, 0.9998260140419006, 0.9997870326042175]"
Ventura Beach,"[0.999855637550354, 0.9997971653938293, 0.9985690116882324, 0.994056224822998, 0.9986853003501892]"
Kanneliya National Rain Forest Reserve | ÃƒÂ Ã‚Â¶Ã‚ÂšÃƒÂ Ã‚Â¶Ã‚Â±ÃƒÂ Ã‚Â·Ã‚ÂŠÃƒÂ Ã‚Â¶Ã‚Â±ÃƒÂ Ã‚Â·Ã‚Â™ÃƒÂ Ã‚Â¶Ã‚Â½ÃƒÂ Ã‚Â·Ã‚Â’ÃƒÂ Ã‚Â¶Ã‚Âº ÃƒÂ Ã‚Â¶Ã‚Â¢ÃƒÂ Ã‚Â·Ã‚ÂÃƒÂ Ã‚Â¶Ã‚Â­ÃƒÂ Ã‚Â·Ã‚Â’ÃƒÂ Ã‚Â¶Ã‚Âš ÃƒÂ Ã‚Â·Ã‚Â€ÃƒÂ Ã‚Â·Ã‚ÂÃƒÂ Ã‚Â·Ã‚ÂƒÃƒÂ Ã‚Â·Ã‚Â’ ÃƒÂ Ã‚Â·Ã‚Â€ÃƒÂ Ã‚Â¶Ã‚Â±ÃƒÂ Ã‚Â·Ã‚ÂÃƒÂ Ã‚Â¶Ã‚Â±ÃƒÂ Ã‚Â·Ã‚ÂŠÃƒÂ Ã‚Â¶Ã‚Â­ÃƒÂ Ã‚Â¶Ã‚Â»ÃƒÂ Ã‚Â¶Ã‚Âº,"[0.9995597004890442, 0.9997814297676086, 0.9996912479400635, 0.9996238946914673, 0.8560761213302612]"
Nilaveli Beach,[0.9996681213378906]
Bundala National Park,"[0.9998376369476318, 0.9996484518051147, 0.9971593618392944, 0.9986610412597656, 0.9997757077217102]"
Uppuveli Beach,[0.9989010095596313]
Koggala Beach,"[0.9995213747024536, 0.9998026490211487, 0.9941408038139343, 0.9998481273651123, 0.9997408986091614]"
Marakolliya Beach,[0.9994402527809143]
Pasikuda Beach,"[0.9995880722999573, 0.99434894323349, 0.9996932744979858, 0.9984269142150879, 0.9933399558067322]"
Unawatuna Beach,[0.9938752055168152]
